insert into users (user_id, first_name, last_name, username, password, role) values (123456, 'lukas', 'robert', 'rooster-luvr69', 'pass', 'ROOSTER');
insert into users (user_id, first_name, last_name, username, password, role) values (567890, 'ian', 'nelson-robert', 'egglord', 'pass', 'CHICK');
insert into users (user_id, first_name, last_name, username, password, role) values (54, 'anddddy', 'nelson-robert', 'egglordson', 'pass', 'CHICK');
insert into users (user_id, first_name, last_name, username, password, role) values (7, 'orrrrrrri', 'nelson-robert', 'eggling', 'pass', 'HEN');
insert into users (user_id, first_name, last_name, username, password, role) values (999, 'marrrrrley', 'nelson-robert', 'chickeroo', 'pass', 'HEN');
insert into users (user_id, first_name, last_name, username, password, role) values (67544, 'shirrrrrley', 'nelson-robert', 'rewstor', 'pass', 'CHICK');
insert into movie (id, title, runtime, stars, rating) values ('1', 'Richettes', 96, 'five', 3.5);
insert into movie (id, title, runtime, stars, rating) values ('2', 'life of chicken', 111, 'four', 3);
insert into movie (id, title, runtime, stars, rating) values ('3', 'life of chicken prequel', 56, 'three', 4);
insert into movie (id, title, runtime, stars, rating) values ('4', 'life of chickens son', 76, 'two', 4);
insert into reviews (review_id, user_id, movie_id) values (1, 123456, 1);
insert into reviews (review_id, user_id, movie_id) values (2, 567890, 1);
insert into reviews (review_id, user_id, movie_id) values (3, 54, 2);
insert into reviews (review_id, user_id, movie_id) values (4, 999, 2);
insert into reviews (review_id, user_id, movie_id) values (5, 67544, 1);